year,month,filename,status,source_url,path,file_size,ingestion_timestamp
2018,1,chirps-v3.0.2018.01.tif,skipped,https://data.chc.ucsb.edu/products/CHIRPS/v3.0/monthly/global/tifs/chirps-v3.0.2018.01.tif,/mnt/c/Users/allea/Downloads/Ahon Pipeline/AHON-Pipeline/src/sql/datasets/chc_chirps/raw/chirps-v3.0.2018.01.tif,22294268,2026-10-05T06:18:45.967786+00:00
2018,2,chirps-v3.0.2018.02.tif,skipped,https://data.chc.ucsb.edu/products/CHIRPS/v3.0/monthly/global/tifs/chirps-v3.0.2018.02.tif,/mnt/c/Users/allea/Downloads/Ahon Pipeline/AHON-Pipeline/src/sql/datasets/chc_chirps/raw/chirps-v3.0.2018.02.tif,22927708,2026-10-05T06:18:45.983251+00:00
2018,3,chirps-v3.0.2018.03.tif,skipped,https://data.chc.ucsb.edu/products/CHIRPS/v3.0/monthly/global/tifs/chirps-v3.0.2018.03.tif,/mnt/c/Users/allea/Downloads/Ahon Pipeline/AHON-Pipeline/src/sql/datasets/chc_chirps/raw/chirps-v3.0.2018.03.tif,22819604,2026-10-05T06:18:45.998563+00:00
2018,4,chirps-v3.0.2018.04.tif,skipped,https://data.chc.ucsb.edu/products/CHIRPS/v3.0/monthly/global/tifs/chirps-v3.0.2018.04.tif,/mnt/c/Users/allea/Downloads/Ahon Pipeline/AHON-Pipeline/src/sql/datasets/chc_chirps/raw/chirps-v3.0.2018.04.tif,22851876,2026-10-05T06:18:46.012214+00:00
2018,5,chirps-v3.0.2018.05.tif,skipped,https://data.chc.ucsb.edu/products/CHIRPS/v3.0/monthly/global/tifs/chirps-v3.0.2018.05.tif,/mnt/c/Users/allea/Downloads/Ahon Pipeline/AHON-Pipeline/src/sql/datasets/chc_chirps/raw/chirps-v3.0.2018.05.tif,23517500,2026-10-05T06:18:46.027236+00:00
2018,6,chirps-v3.0.2018.06.tif,skipped,https://data.chc.ucsb.edu/products/CHIRPS/v3.0/monthly/global/tifs/chirps-v3.0.2018.06.tif,/mnt/c/Users/allea/Downloads/Ahon Pipeline/AHON-Pipeline/src/sql/datasets/chc_chirps/raw/chirps-v3.0.2018.06.tif,23069966,2026-10-05T06:18:46.041632+00:00
2018,7,chirps-v3.0.2018.07.tif,skipped,https://data.chc.ucsb.edu/products/CHIRPS/v3.0/monthly/global/tifs/chirps-v3.0.2018.07.tif,/mnt/c/Users/allea/Downloads/Ahon Pipeline/AHON-Pipeline/src/sql/datasets/chc_chirps/raw/chirps-v3.0.2018.07.tif,23522956,2026-10-05T06:18:46.057074+00:00
2018,8,chirps-v3.0.2018.08.tif,skipped,https://data.chc.ucsb.edu/products/CHIRPS/v3.0/monthly/global/tifs/chirps-v3.0.2018.08.tif,/mnt/c/Users/allea/Downloads/Ahon Pipeline/AHON-Pipeline/src/sql/datasets/chc_chirps/raw/chirps-v3.0.2018.08.tif,24044872,2026-10-05T06:18:46.072621+00:00
2018,9,chirps-v3.0.2018.09.tif,skipped,https://data.chc.ucsb.edu/products/CHIRPS/v3.0/monthly/global/tifs/chirps-v3.0.2018.09.tif,/mnt/c/Users/allea/Downloads/Ahon Pipeline/AHON-Pipeline/src/sql/datasets/chc_chirps/raw/chirps-v3.0.2018.09.tif,0,2026-10-05T06:18:46.089786+00:00
2018,10,chirps-v3.0.2018.10.tif,downloaded,https://data.chc.ucsb.edu/products/CHIRPS/v3.0/monthly/global/tifs/chirps-v3.0.2018.10.tif,/mnt/c/Users/allea/Downloads/Ahon Pipeline/AHON-Pipeline/src/sql/datasets/chc_chirps/raw/chirps-v3.0.2018.10.tif,24020038,2026-10-05T06:18:46.106454+00:00
2018,11,chirps-v3.0.2018.11.tif,downloaded,https://data.chc.ucsb.edu/products/CHIRPS/v3.0/monthly/global/tifs/chirps-v3.0.2018.11.tif,/mnt/c/Users/allea/Downloads/Ahon Pipeline/AHON-Pipeline/src/sql/datasets/chc_chirps/raw/chirps-v3.0.2018.11.tif,23720666,2026-10-05T06:19:02.497568+00:00
2018,12,chirps-v3.0.2018.12.tif,downloaded,https://data.chc.ucsb.edu/products/CHIRPS/v3.0/monthly/global/tifs/chirps-v3.0.2018.12.tif,/mnt/c/Users/allea/Downloads/Ahon Pipeline/AHON-Pipeline/src/sql/datasets/chc_chirps/raw/chirps-v3.0.2018.12.tif,22889158,2026-10-05T06:19:26.025640+00:00
2019,1,chirps-v3.0.2019.01.tif,downloaded,https://data.chc.ucsb.edu/products/CHIRPS/v3.0/monthly/global/tifs/chirps-v3.0.2019.01.tif,/mnt/c/Users/allea/Downloads/Ahon Pipeline/AHON-Pipeline/src/sql/datasets/chc_chirps/raw/chirps-v3.0.2019.01.tif,23026352,2026-10-05T06:19:31.561516+00:00
2019,2,chirps-v3.0.2019.02.tif,downloaded,https://data.chc.ucsb.edu/products/CHIRPS/v3.0/monthly/global/tifs/chirps-v3.0.2019.02.tif,/mnt/c/Users/allea/Downloads/Ahon Pipeline/AHON-Pipeline/src/sql/datasets/chc_chirps/raw/chirps-v3.0.2019.02.tif,22819824,2026-10-05T06:19:36.462287+00:00
2019,3,chirps-v3.0.2019.03.tif,downloaded,https://data.chc.ucsb.edu/products/CHIRPS/v3.0/monthly/global/tifs/chirps-v3.0.2019.03.tif,/mnt/c/Users/allea/Downloads/Ahon Pipeline/AHON-Pipeline/src/sql/datasets/chc_chirps/raw/chirps-v3.0.2019.03.tif,22080132,2026-10-05T06:19:42.468628+00:00
2019,4,chirps-v3.0.2019.04.tif,downloaded,https://data.chc.ucsb.edu/products/CHIRPS/v3.0/monthly/global/tifs/chirps-v3.0.2019.04.tif,/mnt/c/Users/allea/Downloads/Ahon Pipeline/AHON-Pipeline/src/sql/datasets/chc_chirps/raw/chirps-v3.0.2019.04.tif,23155478,2026-10-05T06:19:47.361332+00:00
2019,5,chirps-v3.0.2019.05.tif,downloaded,https://data.chc.ucsb.edu/products/CHIRPS/v3.0/monthly/global/tifs/chirps-v3.0.2019.05.tif,/mnt/c/Users/allea/Downloads/Ahon Pipeline/AHON-Pipeline/src/sql/datasets/chc_chirps/raw/chirps-v3.0.2019.05.tif,23367788,2026-10-05T06:19:53.277281+00:00
2019,6,chirps-v3.0.2019.06.tif,downloaded,https://data.chc.ucsb.edu/products/CHIRPS/v3.0/monthly/global/tifs/chirps-v3.0.2019.06.tif,/mnt/c/Users/allea/Downloads/Ahon Pipeline/AHON-Pipeline/src/sql/datasets/chc_chirps/raw/chirps-v3.0.2019.06.tif,23047124,2026-10-05T06:20:07.680429+00:00
2019,7,chirps-v3.0.2019.07.tif,downloaded,https://data.chc.ucsb.edu/products/CHIRPS/v3.0/monthly/global/tifs/chirps-v3.0.2019.07.tif,/mnt/c/Users/allea/Downloads/Ahon Pipeline/AHON-Pipeline/src/sql/datasets/chc_chirps/raw/chirps-v3.0.2019.07.tif,23638112,2026-10-05T06:20:26.259977+00:00
2019,8,chirps-v3.0.2019.08.tif,downloaded,https://data.chc.ucsb.edu/products/CHIRPS/v3.0/monthly/global/tifs/chirps-v3.0.2019.08.tif,/mnt/c/Users/allea/Downloads/Ahon Pipeline/AHON-Pipeline/src/sql/datasets/chc_chirps/raw/chirps-v3.0.2019.08.tif,23784622,2026-10-05T06:20:32.221125+00:00
2019,9,chirps-v3.0.2019.09.tif,downloaded,https://data.chc.ucsb.edu/products/CHIRPS/v3.0/monthly/global/tifs/chirps-v3.0.2019.09.tif,/mnt/c/Users/allea/Downloads/Ahon Pipeline/AHON-Pipeline/src/sql/datasets/chc_chirps/raw/chirps-v3.0.2019.09.tif,23790208,2026-10-05T06:20:43.439011+00:00
2019,10,chirps-v3.0.2019.10.tif,downloaded,https://data.chc.ucsb.edu/products/CHIRPS/v3.0/monthly/global/tifs/chirps-v3.0.2019.10.tif,/mnt/c/Users/allea/Downloads/Ahon Pipeline/AHON-Pipeline/src/sql/datasets/chc_chirps/raw/chirps-v3.0.2019.10.tif,23361372,2026-10-05T06:20:48.315766+00:00
2019,11,chirps-v3.0.2019.11.tif,downloaded,https://data.chc.ucsb.edu/products/CHIRPS/v3.0/monthly/global/tifs/chirps-v3.0.2019.11.tif,/mnt/c/Users/allea/Downloads/Ahon Pipeline/AHON-Pipeline/src/sql/datasets/chc_chirps/raw/chirps-v3.0.2019.11.tif,22861682,2026-10-05T06:20:53.570411+00:00
2019,12,chirps-v3.0.2019.12.tif,downloaded,https://data.chc.ucsb.edu/products/CHIRPS/v3.0/monthly/global/tifs/chirps-v3.0.2019.12.tif,/mnt/c/Users/allea/Downloads/Ahon Pipeline/AHON-Pipeline/src/sql/datasets/chc_chirps/raw/chirps-v3.0.2019.12.tif,22642152,2026-10-05T06:21:05.718630+00:00
2020,1,chirps-v3.0.2020.01.tif,downloaded,https://data.chc.ucsb.edu/products/CHIRPS/v3.0/monthly/global/tifs/chirps-v3.0.2020.01.tif,/mnt/c/Users/allea/Downloads/Ahon Pipeline/AHON-Pipeline/src/sql/datasets/chc_chirps/raw/chirps-v3.0.2020.01.tif,21719760,2026-10-05T06:21:10.041852+00:00
2020,2,chirps-v3.0.2020.02.tif,downloaded,https://data.chc.ucsb.edu/products/CHIRPS/v3.0/monthly/global/tifs/chirps-v3.0.2020.02.tif,/mnt/c/Users/allea/Downloads/Ahon Pipeline/AHON-Pipeline/src/sql/datasets/chc_chirps/raw/chirps-v3.0.2020.02.tif,21692780,2026-10-05T06:21:14.681088+00:00
2020,3,chirps-v3.0.2020.03.tif,downloaded,https://data.chc.ucsb.edu/products/CHIRPS/v3.0/monthly/global/tifs/chirps-v3.0.2020.03.tif,/mnt/c/Users/allea/Downloads/Ahon Pipeline/AHON-Pipeline/src/sql/datasets/chc_chirps/raw/chirps-v3.0.2020.03.tif,21719766,2026-10-05T06:21:19.202637+00:00
2020,4,chirps-v3.0.2020.04.tif,downloaded,https://data.chc.ucsb.edu/products/CHIRPS/v3.0/monthly/global/tifs/chirps-v3.0.2020.04.tif,/mnt/c/Users/allea/Downloads/Ahon Pipeline/AHON-Pipeline/src/sql/datasets/chc_chirps/raw/chirps-v3.0.2020.04.tif,22462258,2026-10-05T06:21:24.571842+00:00
2020,5,chirps-v3.0.2020.05.tif,downloaded,https://data.chc.ucsb.edu/products/CHIRPS/v3.0/monthly/global/tifs/chirps-v3.0.2020.05.tif,/mnt/c/Users/allea/Downloads/Ahon Pipeline/AHON-Pipeline/src/sql/datasets/chc_chirps/raw/chirps-v3.0.2020.05.tif,23086070,2026-10-05T06:21:29.285491+00:00
2020,6,chirps-v3.0.2020.06.tif,downloaded,https://data.chc.ucsb.edu/products/CHIRPS/v3.0/monthly/global/tifs/chirps-v3.0.2020.06.tif,/mnt/c/Users/allea/Downloads/Ahon Pipeline/AHON-Pipeline/src/sql/datasets/chc_chirps/raw/chirps-v3.0.2020.06.tif,22886898,2026-10-05T06:21:34.150060+00:00
2020,7,chirps-v3.0.2020.07.tif,downloaded,https://data.chc.ucsb.edu/products/CHIRPS/v3.0/monthly/global/tifs/chirps-v3.0.2020.07.tif,/mnt/c/Users/allea/Downloads/Ahon Pipeline/AHON-Pipeline/src/sql/datasets/chc_chirps/raw/chirps-v3.0.2020.07.tif,23426742,2026-10-05T06:21:40.378703+00:00
2020,8,chirps-v3.0.2020.08.tif,downloaded,https://data.chc.ucsb.edu/products/CHIRPS/v3.0/monthly/global/tifs/chirps-v3.0.2020.08.tif,/mnt/c/Users/allea/Downloads/Ahon Pipeline/AHON-Pipeline/src/sql/datasets/chc_chirps/raw/chirps-v3.0.2020.08.tif,23574334,2026-10-05T06:21:45.208217+00:00
2020,9,chirps-v3.0.2020.09.tif,downloaded,https://data.chc.ucsb.edu/products/CHIRPS/v3.0/monthly/global/tifs/chirps-v3.0.2020.09.tif,/mnt/c/Users/allea/Downloads/Ahon Pipeline/AHON-Pipeline/src/sql/datasets/chc_chirps/raw/chirps-v3.0.2020.09.tif,23695628,2026-10-05T06:21:50.590789+00:00
2020,10,chirps-v3.0.2020.10.tif,downloaded,https://data.chc.ucsb.edu/products/CHIRPS/v3.0/monthly/global/tifs/chirps-v3.0.2020.10.tif,/mnt/c/Users/allea/Downloads/Ahon Pipeline/AHON-Pipeline/src/sql/datasets/chc_chirps/raw/chirps-v3.0.2020.10.tif,22607824,2026-10-05T06:21:55.466855+00:00
2020,11,chirps-v3.0.2020.11.tif,downloaded,https://data.chc.ucsb.edu/products/CHIRPS/v3.0/monthly/global/tifs/chirps-v3.0.2020.11.tif,/mnt/c/Users/allea/Downloads/Ahon Pipeline/AHON-Pipeline/src/sql/datasets/chc_chirps/raw/chirps-v3.0.2020.11.tif,22264454,2026-10-05T06:22:01.519681+00:00
2020,12,chirps-v3.0.2020.12.tif,downloaded,https://data.chc.ucsb.edu/products/CHIRPS/v3.0/monthly/global/tifs/chirps-v3.0.2020.12.tif,/mnt/c/Users/allea/Downloads/Ahon Pipeline/AHON-Pipeline/src/sql/datasets/chc_chirps/raw/chirps-v3.0.2020.12.tif,21050642,2026-10-05T06:22:17.641055+00:00
2021,1,chirps-v3.0.2021.01.tif,downloaded,https://data.chc.ucsb.edu/products/CHIRPS/v3.0/monthly/global/tifs/chirps-v3.0.2021.01.tif,/mnt/c/Users/allea/Downloads/Ahon Pipeline/AHON-Pipeline/src/sql/datasets/chc_chirps/raw/chirps-v3.0.2021.01.tif,21990464,2026-10-05T06:22:22.142347+00:00
2021,2,chirps-v3.0.2021.02.tif,downloaded,https://data.chc.ucsb.edu/products/CHIRPS/v3.0/monthly/global/tifs/chirps-v3.0.2021.02.tif,/mnt/c/Users/allea/Downloads/Ahon Pipeline/AHON-Pipeline/src/sql/datasets/chc_chirps/raw/chirps-v3.0.2021.02.tif,22067768,2026-10-05T06:22:26.556795+00:00
2021,3,chirps-v3.0.2021.03.tif,downloaded,https://data.chc.ucsb.edu/products/CHIRPS/v3.0/monthly/global/tifs/chirps-v3.0.2021.03.tif,/mnt/c/Users/allea/Downloads/Ahon Pipeline/AHON-Pipeline/src/sql/datasets/chc_chirps/raw/chirps-v3.0.2021.03.tif,22477070,2026-10-05T06:22:31.664741+00:00
2021,4,chirps-v3.0.2021.04.tif,downloaded,https://data.chc.ucsb.edu/products/CHIRPS/v3.0/monthly/global/tifs/chirps-v3.0.2021.04.tif,/mnt/c/Users/allea/Downloads/Ahon Pipeline/AHON-Pipeline/src/sql/datasets/chc_chirps/raw/chirps-v3.0.2021.04.tif,22774350,2026-10-05T06:22:36.744059+00:00
2021,5,chirps-v3.0.2021.05.tif,downloaded,https://data.chc.ucsb.edu/products/CHIRPS/v3.0/monthly/global/tifs/chirps-v3.0.2021.05.tif,/mnt/c/Users/allea/Downloads/Ahon Pipeline/AHON-Pipeline/src/sql/datasets/chc_chirps/raw/chirps-v3.0.2021.05.tif,22937120,2026-10-05T06:22:44.953331+00:00
2021,6,chirps-v3.0.2021.06.tif,downloaded,https://data.chc.ucsb.edu/products/CHIRPS/v3.0/monthly/global/tifs/chirps-v3.0.2021.06.tif,/mnt/c/Users/allea/Downloads/Ahon Pipeline/AHON-Pipeline/src/sql/datasets/chc_chirps/raw/chirps-v3.0.2021.06.tif,22939008,2026-10-05T06:22:49.520118+00:00
2021,7,chirps-v3.0.2021.07.tif,downloaded,https://data.chc.ucsb.edu/products/CHIRPS/v3.0/monthly/global/tifs/chirps-v3.0.2021.07.tif,/mnt/c/Users/allea/Downloads/Ahon Pipeline/AHON-Pipeline/src/sql/datasets/chc_chirps/raw/chirps-v3.0.2021.07.tif,23387434,2026-10-05T06:22:54.183395+00:00
2021,8,chirps-v3.0.2021.08.tif,downloaded,https://data.chc.ucsb.edu/products/CHIRPS/v3.0/monthly/global/tifs/chirps-v3.0.2021.08.tif,/mnt/c/Users/allea/Downloads/Ahon Pipeline/AHON-Pipeline/src/sql/datasets/chc_chirps/raw/chirps-v3.0.2021.08.tif,23371432,2026-10-05T06:22:59.407226+00:00
2021,9,chirps-v3.0.2021.09.tif,downloaded,https://data.chc.ucsb.edu/products/CHIRPS/v3.0/monthly/global/tifs/chirps-v3.0.2021.09.tif,/mnt/c/Users/allea/Downloads/Ahon Pipeline/AHON-Pipeline/src/sql/datasets/chc_chirps/raw/chirps-v3.0.2021.09.tif,23436182,2026-10-05T06:23:06.071297+00:00
2021,10,chirps-v3.0.2021.10.tif,downloaded,https://data.chc.ucsb.edu/products/CHIRPS/v3.0/monthly/global/tifs/chirps-v3.0.2021.10.tif,/mnt/c/Users/allea/Downloads/Ahon Pipeline/AHON-Pipeline/src/sql/datasets/chc_chirps/raw/chirps-v3.0.2021.10.tif,23162204,2026-10-05T06:23:10.856602+00:00
2021,11,chirps-v3.0.2021.11.tif,downloaded,https://data.chc.ucsb.edu/products/CHIRPS/v3.0/monthly/global/tifs/chirps-v3.0.2021.11.tif,/mnt/c/Users/allea/Downloads/Ahon Pipeline/AHON-Pipeline/src/sql/datasets/chc_chirps/raw/chirps-v3.0.2021.11.tif,22574700,2026-10-05T06:23:16.653681+00:00
2021,12,chirps-v3.0.2021.12.tif,downloaded,https://data.chc.ucsb.edu/products/CHIRPS/v3.0/monthly/global/tifs/chirps-v3.0.2021.12.tif,/mnt/c/Users/allea/Downloads/Ahon Pipeline/AHON-Pipeline/src/sql/datasets/chc_chirps/raw/chirps-v3.0.2021.12.tif,22101236,2026-10-05T06:23:23.852352+00:00
2022,1,chirps-v3.0.2022.01.tif,downloaded,https://data.chc.ucsb.edu/products/CHIRPS/v3.0/monthly/global/tifs/chirps-v3.0.2022.01.tif,/mnt/c/Users/allea/Downloads/Ahon Pipeline/AHON-Pipeline/src/sql/datasets/chc_chirps/raw/chirps-v3.0.2022.01.tif,20985284,2026-10-05T06:23:28.483000+00:00
2022,2,chirps-v3.0.2022.02.tif,downloaded,https://data.chc.ucsb.edu/products/CHIRPS/v3.0/monthly/global/tifs/chirps-v3.0.2022.02.tif,/mnt/c/Users/allea/Downloads/Ahon Pipeline/AHON-Pipeline/src/sql/datasets/chc_chirps/raw/chirps-v3.0.2022.02.tif,19668484,2026-10-05T06:23:32.980846+00:00
2022,3,chirps-v3.0.2022.03.tif,downloaded,https://data.chc.ucsb.edu/products/CHIRPS/v3.0/monthly/global/tifs/chirps-v3.0.2022.03.tif,/mnt/c/Users/allea/Downloads/Ahon Pipeline/AHON-Pipeline/src/sql/datasets/chc_chirps/raw/chirps-v3.0.2022.03.tif,22065058,2026-10-05T06:23:37.360666+00:00
2022,4,chirps-v3.0.2022.04.tif,downloaded,https://data.chc.ucsb.edu/products/CHIRPS/v3.0/monthly/global/tifs/chirps-v3.0.2022.04.tif,/mnt/c/Users/allea/Downloads/Ahon Pipeline/AHON-Pipeline/src/sql/datasets/chc_chirps/raw/chirps-v3.0.2022.04.tif,22301454,2026-10-05T06:23:42.363366+00:00
2022,5,chirps-v3.0.2022.05.tif,downloaded,https://data.chc.ucsb.edu/products/CHIRPS/v3.0/monthly/global/tifs/chirps-v3.0.2022.05.tif,/mnt/c/Users/allea/Downloads/Ahon Pipeline/AHON-Pipeline/src/sql/datasets/chc_chirps/raw/chirps-v3.0.2022.05.tif,22125512,2026-10-05T06:23:47.131358+00:00
2022,6,chirps-v3.0.2022.06.tif,downloaded,https://data.chc.ucsb.edu/products/CHIRPS/v3.0/monthly/global/tifs/chirps-v3.0.2022.06.tif,/mnt/c/Users/allea/Downloads/Ahon Pipeline/AHON-Pipeline/src/sql/datasets/chc_chirps/raw/chirps-v3.0.2022.06.tif,23023144,2026-10-05T06:23:51.497525+00:00
2022,7,chirps-v3.0.2022.07.tif,downloaded,https://data.chc.ucsb.edu/products/CHIRPS/v3.0/monthly/global/tifs/chirps-v3.0.2022.07.tif,/mnt/c/Users/allea/Downloads/Ahon Pipeline/AHON-Pipeline/src/sql/datasets/chc_chirps/raw/chirps-v3.0.2022.07.tif,23708158,2026-10-05T06:23:55.878786+00:00
2022,8,chirps-v3.0.2022.08.tif,downloaded,https://data.chc.ucsb.edu/products/CHIRPS/v3.0/monthly/global/tifs/chirps-v3.0.2022.08.tif,/mnt/c/Users/allea/Downloads/Ahon Pipeline/AHON-Pipeline/src/sql/datasets/chc_chirps/raw/chirps-v3.0.2022.08.tif,23595942,2026-10-05T06:24:02.548014+00:00
2022,9,chirps-v3.0.2022.09.tif,downloaded,https://data.chc.ucsb.edu/products/CHIRPS/v3.0/monthly/global/tifs/chirps-v3.0.2022.09.tif,/mnt/c/Users/allea/Downloads/Ahon Pipeline/AHON-Pipeline/src/sql/datasets/chc_chirps/raw/chirps-v3.0.2022.09.tif,23566596,2026-10-05T06:24:08.089170+00:00
2022,10,chirps-v3.0.2022.10.tif,downloaded,https://data.chc.ucsb.edu/products/CHIRPS/v3.0/monthly/global/tifs/chirps-v3.0.2022.10.tif,/mnt/c/Users/allea/Downloads/Ahon Pipeline/AHON-Pipeline/src/sql/datasets/chc_chirps/raw/chirps-v3.0.2022.10.tif,22831716,2026-10-05T06:24:12.839496+00:00
2022,11,chirps-v3.0.2022.11.tif,downloaded,https://data.chc.ucsb.edu/products/CHIRPS/v3.0/monthly/global/tifs/chirps-v3.0.2022.11.tif,/mnt/c/Users/allea/Downloads/Ahon Pipeline/AHON-Pipeline/src/sql/datasets/chc_chirps/raw/chirps-v3.0.2022.11.tif,22927916,2026-10-05T06:24:17.852851+00:00
2022,12,chirps-v3.0.2022.12.tif,downloaded,https://data.chc.ucsb.edu/products/CHIRPS/v3.0/monthly/global/tifs/chirps-v3.0.2022.12.tif,/mnt/c/Users/allea/Downloads/Ahon Pipeline/AHON-Pipeline/src/sql/datasets/chc_chirps/raw/chirps-v3.0.2022.12.tif,21745036,2026-10-05T06:24:22.596621+00:00
2023,1,chirps-v3.0.2023.01.tif,downloaded,https://data.chc.ucsb.edu/products/CHIRPS/v3.0/monthly/global/tifs/chirps-v3.0.2023.01.tif,/mnt/c/Users/allea/Downloads/Ahon Pipeline/AHON-Pipeline/src/sql/datasets/chc_chirps/raw/chirps-v3.0.2023.01.tif,21667044,2026-10-05T06:24:27.688636+00:00
2023,2,chirps-v3.0.2023.02.tif,downloaded,https://data.chc.ucsb.edu/products/CHIRPS/v3.0/monthly/global/tifs/chirps-v3.0.2023.02.tif,/mnt/c/Users/allea/Downloads/Ahon Pipeline/AHON-Pipeline/src/sql/datasets/chc_chirps/raw/chirps-v3.0.2023.02.tif,21831600,2026-10-05T06:24:34.464494+00:00
2023,3,chirps-v3.0.2023.03.tif,downloaded,https://data.chc.ucsb.edu/products/CHIRPS/v3.0/monthly/global/tifs/chirps-v3.0.2023.03.tif,/mnt/c/Users/allea/Downloads/Ahon Pipeline/AHON-Pipeline/src/sql/datasets/chc_chirps/raw/chirps-v3.0.2023.03.tif,22572936,2026-10-05T06:24:38.507071+00:00
2023,4,chirps-v3.0.2023.04.tif,downloaded,https://data.chc.ucsb.edu/products/CHIRPS/v3.0/monthly/global/tifs/chirps-v3.0.2023.04.tif,/mnt/c/Users/allea/Downloads/Ahon Pipeline/AHON-Pipeline/src/sql/datasets/chc_chirps/raw/chirps-v3.0.2023.04.tif,22905310,2026-10-05T06:24:48.384477+00:00
2023,5,chirps-v3.0.2023.05.tif,downloaded,https://data.chc.ucsb.edu/products/CHIRPS/v3.0/monthly/global/tifs/chirps-v3.0.2023.05.tif,/mnt/c/Users/allea/Downloads/Ahon Pipeline/AHON-Pipeline/src/sql/datasets/chc_chirps/raw/chirps-v3.0.2023.05.tif,23373006,2026-10-05T06:24:55.296662+00:00
2023,6,chirps-v3.0.2023.06.tif,downloaded,https://data.chc.ucsb.edu/products/CHIRPS/v3.0/monthly/global/tifs/chirps-v3.0.2023.06.tif,/mnt/c/Users/allea/Downloads/Ahon Pipeline/AHON-Pipeline/src/sql/datasets/chc_chirps/raw/chirps-v3.0.2023.06.tif,23075946,2026-10-05T06:25:00.024820+00:00
2023,7,chirps-v3.0.2023.07.tif,downloaded,https://data.chc.ucsb.edu/products/CHIRPS/v3.0/monthly/global/tifs/chirps-v3.0.2023.07.tif,/mnt/c/Users/allea/Downloads/Ahon Pipeline/AHON-Pipeline/src/sql/datasets/chc_chirps/raw/chirps-v3.0.2023.07.tif,23368314,2026-10-05T06:25:04.130735+00:00
2023,8,chirps-v3.0.2023.08.tif,downloaded,https://data.chc.ucsb.edu/products/CHIRPS/v3.0/monthly/global/tifs/chirps-v3.0.2023.08.tif,/mnt/c/Users/allea/Downloads/Ahon Pipeline/AHON-Pipeline/src/sql/datasets/chc_chirps/raw/chirps-v3.0.2023.08.tif,23723094,2026-10-05T06:25:09.392410+00:00
2023,9,chirps-v3.0.2023.09.tif,downloaded,https://data.chc.ucsb.edu/products/CHIRPS/v3.0/monthly/global/tifs/chirps-v3.0.2023.09.tif,/mnt/c/Users/allea/Downloads/Ahon Pipeline/AHON-Pipeline/src/sql/datasets/chc_chirps/raw/chirps-v3.0.2023.09.tif,23750264,2026-10-05T06:25:14.246507+00:00
2023,10,chirps-v3.0.2023.10.tif,downloaded,https://data.chc.ucsb.edu/products/CHIRPS/v3.0/monthly/global/tifs/chirps-v3.0.2023.10.tif,/mnt/c/Users/allea/Downloads/Ahon Pipeline/AHON-Pipeline/src/sql/datasets/chc_chirps/raw/chirps-v3.0.2023.10.tif,23149522,2026-10-05T06:25:19.166019+00:00
2023,11,chirps-v3.0.2023.11.tif,downloaded,https://data.chc.ucsb.edu/products/CHIRPS/v3.0/monthly/global/tifs/chirps-v3.0.2023.11.tif,/mnt/c/Users/allea/Downloads/Ahon Pipeline/AHON-Pipeline/src/sql/datasets/chc_chirps/raw/chirps-v3.0.2023.11.tif,22786692,2026-10-05T06:25:23.720817+00:00
2023,12,chirps-v3.0.2023.12.tif,downloaded,https://data.chc.ucsb.edu/products/CHIRPS/v3.0/monthly/global/tifs/chirps-v3.0.2023.12.tif,/mnt/c/Users/allea/Downloads/Ahon Pipeline/AHON-Pipeline/src/sql/datasets/chc_chirps/raw/chirps-v3.0.2023.12.tif,22777212,2026-10-05T06:25:28.860336+00:00
2024,1,chirps-v3.0.2024.01.tif,downloaded,https://data.chc.ucsb.edu/products/CHIRPS/v3.0/monthly/global/tifs/chirps-v3.0.2024.01.tif,/mnt/c/Users/allea/Downloads/Ahon Pipeline/AHON-Pipeline/src/sql/datasets/chc_chirps/raw/chirps-v3.0.2024.01.tif,22243892,2026-10-05T06:25:33.529076+00:00
2024,2,chirps-v3.0.2024.02.tif,downloaded,https://data.chc.ucsb.edu/products/CHIRPS/v3.0/monthly/global/tifs/chirps-v3.0.2024.02.tif,/mnt/c/Users/allea/Downloads/Ahon Pipeline/AHON-Pipeline/src/sql/datasets/chc_chirps/raw/chirps-v3.0.2024.02.tif,22780952,2026-10-05T06:25:38.194723+00:00
2024,3,chirps-v3.0.2024.03.tif,downloaded,https://data.chc.ucsb.edu/products/CHIRPS/v3.0/monthly/global/tifs/chirps-v3.0.2024.03.tif,/mnt/c/Users/allea/Downloads/Ahon Pipeline/AHON-Pipeline/src/sql/datasets/chc_chirps/raw/chirps-v3.0.2024.03.tif,22379354,2026-10-05T06:25:43.636523+00:00
2024,4,chirps-v3.0.2024.04.tif,downloaded,https://data.chc.ucsb.edu/products/CHIRPS/v3.0/monthly/global/tifs/chirps-v3.0.2024.04.tif,/mnt/c/Users/allea/Downloads/Ahon Pipeline/AHON-Pipeline/src/sql/datasets/chc_chirps/raw/chirps-v3.0.2024.04.tif,22590744,2026-10-05T06:25:49.314625+00:00
2024,5,chirps-v3.0.2024.05.tif,downloaded,https://data.chc.ucsb.edu/products/CHIRPS/v3.0/monthly/global/tifs/chirps-v3.0.2024.05.tif,/mnt/c/Users/allea/Downloads/Ahon Pipeline/AHON-Pipeline/src/sql/datasets/chc_chirps/raw/chirps-v3.0.2024.05.tif,22706158,2026-10-05T06:25:53.906178+00:00
2024,6,chirps-v3.0.2024.06.tif,downloaded,https://data.chc.ucsb.edu/products/CHIRPS/v3.0/monthly/global/tifs/chirps-v3.0.2024.06.tif,/mnt/c/Users/allea/Downloads/Ahon Pipeline/AHON-Pipeline/src/sql/datasets/chc_chirps/raw/chirps-v3.0.2024.06.tif,22843890,2026-10-05T06:25:58.083380+00:00
2024,7,chirps-v3.0.2024.07.tif,downloaded,https://data.chc.ucsb.edu/products/CHIRPS/v3.0/monthly/global/tifs/chirps-v3.0.2024.07.tif,/mnt/c/Users/allea/Downloads/Ahon Pipeline/AHON-Pipeline/src/sql/datasets/chc_chirps/raw/chirps-v3.0.2024.07.tif,23329694,2026-10-05T06:26:03.113113+00:00
2024,8,chirps-v3.0.2024.08.tif,downloaded,https://data.chc.ucsb.edu/products/CHIRPS/v3.0/monthly/global/tifs/chirps-v3.0.2024.08.tif,/mnt/c/Users/allea/Downloads/Ahon Pipeline/AHON-Pipeline/src/sql/datasets/chc_chirps/raw/chirps-v3.0.2024.08.tif,23776602,2026-10-05T06:26:09.318595+00:00
2024,9,chirps-v3.0.2024.09.tif,downloaded,https://data.chc.ucsb.edu/products/CHIRPS/v3.0/monthly/global/tifs/chirps-v3.0.2024.09.tif,/mnt/c/Users/allea/Downloads/Ahon Pipeline/AHON-Pipeline/src/sql/datasets/chc_chirps/raw/chirps-v3.0.2024.09.tif,23952762,2026-10-05T06:26:14.187433+00:00
2024,10,chirps-v3.0.2024.10.tif,downloaded,https://data.chc.ucsb.edu/products/CHIRPS/v3.0/monthly/global/tifs/chirps-v3.0.2024.10.tif,/mnt/c/Users/allea/Downloads/Ahon Pipeline/AHON-Pipeline/src/sql/datasets/chc_chirps/raw/chirps-v3.0.2024.10.tif,23108000,2026-10-05T06:26:18.623270+00:00
2024,11,chirps-v3.0.2024.11.tif,downloaded,https://data.chc.ucsb.edu/products/CHIRPS/v3.0/monthly/global/tifs/chirps-v3.0.2024.11.tif,/mnt/c/Users/allea/Downloads/Ahon Pipeline/AHON-Pipeline/src/sql/datasets/chc_chirps/raw/chirps-v3.0.2024.11.tif,22265002,2026-10-05T06:26:22.837192+00:00
2024,12,chirps-v3.0.2024.12.tif,downloaded,https://data.chc.ucsb.edu/products/CHIRPS/v3.0/monthly/global/tifs/chirps-v3.0.2024.12.tif,/mnt/c/Users/allea/Downloads/Ahon Pipeline/AHON-Pipeline/src/sql/datasets/chc_chirps/raw/chirps-v3.0.2024.12.tif,22076726,2026-10-05T06:26:27.404488+00:00
2025,1,chirps-v3.0.2025.01.tif,downloaded,https://data.chc.ucsb.edu/products/CHIRPS/v3.0/monthly/global/tifs/chirps-v3.0.2025.01.tif,/mnt/c/Users/allea/Downloads/Ahon Pipeline/AHON-Pipeline/src/sql/datasets/chc_chirps/raw/chirps-v3.0.2025.01.tif,21628766,2026-10-05T06:26:33.050713+00:00
2025,2,chirps-v3.0.2025.02.tif,downloaded,https://data.chc.ucsb.edu/products/CHIRPS/v3.0/monthly/global/tifs/chirps-v3.0.2025.02.tif,/mnt/c/Users/allea/Downloads/Ahon Pipeline/AHON-Pipeline/src/sql/datasets/chc_chirps/raw/chirps-v3.0.2025.02.tif,21789414,2026-10-05T06:26:37.958652+00:00
2025,3,chirps-v3.0.2025.03.tif,downloaded,https://data.chc.ucsb.edu/products/CHIRPS/v3.0/monthly/global/tifs/chirps-v3.0.2025.03.tif,/mnt/c/Users/allea/Downloads/Ahon Pipeline/AHON-Pipeline/src/sql/datasets/chc_chirps/raw/chirps-v3.0.2025.03.tif,22157684,2026-10-05T06:26:43.117539+00:00
2025,4,chirps-v3.0.2025.04.tif,downloaded,https://data.chc.ucsb.edu/products/CHIRPS/v3.0/monthly/global/tifs/chirps-v3.0.2025.04.tif,/mnt/c/Users/allea/Downloads/Ahon Pipeline/AHON-Pipeline/src/sql/datasets/chc_chirps/raw/chirps-v3.0.2025.04.tif,21849234,2026-10-05T06:26:48.151771+00:00
2025,5,chirps-v3.0.2025.05.tif,downloaded,https://data.chc.ucsb.edu/products/CHIRPS/v3.0/monthly/global/tifs/chirps-v3.0.2025.05.tif,/mnt/c/Users/allea/Downloads/Ahon Pipeline/AHON-Pipeline/src/sql/datasets/chc_chirps/raw/chirps-v3.0.2025.05.tif,22588100,2026-10-05T06:26:52.424376+00:00
2025,6,chirps-v3.0.2025.06.tif,downloaded,https://data.chc.ucsb.edu/products/CHIRPS/v3.0/monthly/global/tifs/chirps-v3.0.2025.06.tif,/mnt/c/Users/allea/Downloads/Ahon Pipeline/AHON-Pipeline/src/sql/datasets/chc_chirps/raw/chirps-v3.0.2025.06.tif,22893744,2026-10-05T06:26:56.566012+00:00
2025,7,chirps-v3.0.2025.07.tif,downloaded,https://data.chc.ucsb.edu/products/CHIRPS/v3.0/monthly/global/tifs/chirps-v3.0.2025.07.tif,/mnt/c/Users/allea/Downloads/Ahon Pipeline/AHON-Pipeline/src/sql/datasets/chc_chirps/raw/chirps-v3.0.2025.07.tif,23310180,2026-10-05T06:27:01.114582+00:00
2025,8,chirps-v3.0.2025.08.tif,downloaded,https://data.chc.ucsb.edu/products/CHIRPS/v3.0/monthly/global/tifs/chirps-v3.0.2025.08.tif,/mnt/c/Users/allea/Downloads/Ahon Pipeline/AHON-Pipeline/src/sql/datasets/chc_chirps/raw/chirps-v3.0.2025.08.tif,23781614,2026-10-05T06:27:14.884059+00:00
2025,9,chirps-v3.0.2025.09.tif,downloaded,https://data.chc.ucsb.edu/products/CHIRPS/v3.0/monthly/global/tifs/chirps-v3.0.2025.09.tif,/mnt/c/Users/allea/Downloads/Ahon Pipeline/AHON-Pipeline/src/sql/datasets/chc_chirps/raw/chirps-v3.0.2025.09.tif,23852168,2026-10-05T06:27:30.394009+00:00
2025,10,chirps-v3.0.2025.10.tif,downloaded,https://data.chc.ucsb.edu/products/CHIRPS/v3.0/monthly/global/tifs/chirps-v3.0.2025.10.tif,/mnt/c/Users/allea/Downloads/Ahon Pipeline/AHON-Pipeline/src/sql/datasets/chc_chirps/raw/chirps-v3.0.2025.10.tif,22669464,2026-10-05T06:27:38.602885+00:00
2025,11,chirps-v3.0.2025.11.tif,downloaded,https://data.chc.ucsb.edu/products/CHIRPS/v3.0/monthly/global/tifs/chirps-v3.0.2025.11.tif,/mnt/c/Users/allea/Downloads/Ahon Pipeline/AHON-Pipeline/src/sql/datasets/chc_chirps/raw/chirps-v3.0.2025.11.tif,21928952,2026-10-05T06:27:46.519428+00:00
2025,12,chirps-v3.0.2025.12.tif,downloaded,https://data.chc.ucsb.edu/products/CHIRPS/v3.0/monthly/global/tifs/chirps-v3.0.2025.12.tif,/mnt/c/Users/allea/Downloads/Ahon Pipeline/AHON-Pipeline/src/sql/datasets/chc_chirps/raw/chirps-v3.0.2025.12.tif,23216716,2026-10-05T06:27:51.434519+00:00
2026,1,chirps-v3.0.2026.01.tif,downloaded,https://data.chc.ucsb.edu/products/CHIRPS/v3.0/monthly/global/tifs/chirps-v3.0.2026.01.tif,/mnt/c/Users/allea/Downloads/Ahon Pipeline/AHON-Pipeline/src/sql/datasets/chc_chirps/raw/chirps-v3.0.2026.01.tif,22117102,2026-10-05T06:28:03.312569+00:00
2026,2,chirps-v3.0.2026.02.tif,downloaded,https://data.chc.ucsb.edu/products/CHIRPS/v3.0/monthly/global/tifs/chirps-v3.0.2026.02.tif,/mnt/c/Users/allea/Downloads/Ahon Pipeline/AHON-Pipeline/src/sql/datasets/chc_chirps/raw/chirps-v3.0.2026.02.tif,22320870,2026-10-05T06:28:08.525500+00:00
2026,3,chirps-v3.0.2026.03.tif,downloaded,https://data.chc.ucsb.edu/products/CHIRPS/v3.0/monthly/global/tifs/chirps-v3.0.2026.03.tif,/mnt/c/Users/allea/Downloads/Ahon Pipeline/AHON-Pipeline/src/sql/datasets/chc_chirps/raw/chirps-v3.0.2026.03.tif,22362334,2026-10-05T06:28:20.126668+00:00
2026,4,chirps-v3.0.2026.04.tif,downloaded,https://data.chc.ucsb.edu/products/CHIRPS/v3.0/monthly/global/tifs/chirps-v3.0.2026.04.tif,/mnt/c/Users/allea/Downloads/Ahon Pipeline/AHON-Pipeline/src/sql/datasets/chc_chirps/raw/chirps-v3.0.2026.04.tif,22935994,2026-10-05T06:28:46.442132+00:00
2026,5,chirps-v3.0.2026.05.tif,downloaded,https://data.chc.ucsb.edu/products/CHIRPS/v3.0/monthly/global/tifs/chirps-v3.0.2026.05.tif,/mnt/c/Users/allea/Downloads/Ahon Pipeline/AHON-Pipeline/src/sql/datasets/chc_chirps/raw/chirps-v3.0.2026.05.tif,22522066,2026-10-05T06:29:09.420660+00:00
2026,6,chirps-v3.0.2026.06.tif,downloaded,https://data.chc.ucsb.edu/products/CHIRPS/v3.0/monthly/global/tifs/chirps-v3.0.2026.06.tif,/mnt/c/Users/allea/Downloads/Ahon Pipeline/AHON-Pipeline/src/sql/datasets/chc_chirps/raw/chirps-v3.0.2026.06.tif,23139796,2026-10-05T06:29:15.068389+00:00
2026,7,chirps-v3.0.2026.07.tif,downloaded,https://data.chc.ucsb.edu/products/CHIRPS/v3.0/monthly/global/tifs/chirps-v3.0.2026.07.tif,/mnt/c/Users/allea/Downloads/Ahon Pipeline/AHON-Pipeline/src/sql/datasets/chc_chirps/raw/chirps-v3.0.2026.07.tif,23413362,2026-10-05T06:29:19.824097+00:00
2026,8,chirps-v3.0.2026.08.tif,downloaded,https://data.chc.ucsb.edu/products/CHIRPS/v3.0/monthly/global/tifs/chirps-v3.0.2026.08.tif,/mnt/c/Users/allea/Downloads/Ahon Pipeline/AHON-Pipeline/src/sql/datasets/chc_chirps/raw/chirps-v3.0.2026.08.tif,23529378,2026-10-05T06:29:24.896001+00:00
